domain_clean,Full_count,Full_%,Sample_count,Sample_%
Formations obligatoires,1933,30.34536891679749,435,31.317494600431967
Cuves - Bassins - Réservoirs,686,10.76923076923077,157,11.303095752339813
Métrologie,626,9.827315541601255,133,9.575233981281498
Accessibilité handicapés,494,7.755102040816326,107,7.703383729301656
Rayonnements,354,5.557299843014129,63,4.535637149028078
Équipements sportifs et équipements d'aires collectives de jeux,268,4.207221350078493,60,4.319654427645788
Amiante,242,3.7990580847723705,45,3.2397408207343417
Eau et santé publique,197,3.0926216640502355,38,2.735781137508999
Appareils et accessoires de levage,174,2.731554160125589,37,2.663786897048236
Transport des marchandises dangereuses,158,2.4803767660910516,34,2.4478041756659468
Remontées mécaniques,155,2.4332810047095763,33,2.375809935205184
Polluants atmosphériques,145,2.2762951334379906,27,1.9438444924406046
Protection des travailleurs,116,1.8210361067503924,25,1.7998560115190785
Équipements sous pression,108,1.695447409733124,18,1.2958963282937366
"Rayonnements, Formations obligatoires",92,1.4442700156985873,21,1.511879049676026
Construction,80,1.2558869701726845,18,1.2958963282937366
"Métrologie, Formations obligatoires",77,1.208791208791209,13,0.9359251259899208
Machines,67,1.0518053375196232,22,1.5838732901367891
"Appareils et accessoires de levage, Machines",57,0.8948194662480378,6,0.4319654427645789
"Eau et santé publique, Formations obligatoires",55,0.8634222919937204,11,0.7919366450683946
"Cuves - Bassins - Réservoirs, Formations obligatoires",54,0.847723704866562,20,1.4398848092152627
"Appareils et accessoires de levage, Équipements sportifs et équipements d'aires collectives de jeux, Sécurité incendie, Formations obligatoires",43,0.6750392464678179,10,0.7199424046076314
Portes et portails,39,0.6122448979591837,11,0.7919366450683946
"Équipements sous pression, Formations obligatoires",34,0.5337519623233908,7,0.5039596832253419
Nuisances sonores,27,0.423861852433281,6,0.4319654427645789
Air intérieur ERP,26,0.40816326530612246,7,0.5039596832253419
"Amiante, Formations obligatoires",17,0.2668759811616954,6,0.4319654427645789
Sécurité incendie,15,0.23547880690737832,4,0.28797696184305255
"Accessibilité handicapés, Équipements sportifs et équipements d'aires collectives de jeux, Portes et portails, Formations obligatoires",8,0.12558869701726844,5,0.3599712023038157
"Construction, Formations obligatoires",6,0.09419152276295133,1,0.07199424046076314
"Amiante, Protection des travailleurs",3,0.04709576138147566,1,0.07199424046076314
"Sécurité incendie, Formations obligatoires",3,0.04709576138147566,1,0.07199424046076314
"Protection des travailleurs, Rayonnements",3,0.04709576138147566,1,0.07199424046076314
"Appareils et accessoires de levage, Transport des marchandises dangereuses",2,0.03139717425431711,1,0.07199424046076314
"Protection des travailleurs, Formations obligatoires",2,0.03139717425431711,1,0.07199424046076314
"Machines, Protection des travailleurs, Sécurité incendie",1,0.015698587127158554,1,0.07199424046076314
"Appareils et accessoires de levage, Formations obligatoires",1,0.015698587127158554,1,0.07199424046076314
"Appareils et accessoires de levage, Machines, Transport des marchandises dangereuses",1,0.015698587127158554,1,0.07199424046076314
"Appareils et accessoires de levage, Équipements sportifs et équipements d'aires collectives de jeux",1,0.015698587127158554,1,0.07199424046076314
