year,Full_count,Full_%,Sample_count,Sample_%
1979.0,2,0.03140210394096404,,
1990.0,15,0.23551577955723035,4.0,0.3187250996015936
1991.0,59,0.9263620662584394,12.0,0.9561752988047808
1992.0,27,0.4239284032030146,6.0,0.4780876494023904
1993.0,91,1.428795729313864,28.0,2.2310756972111556
1994.0,33,0.5181347150259068,8.0,0.6374501992031872
1996.0,57,0.8949599623174752,9.0,0.7171314741035857
1997.0,143,2.2452504317789295,26.0,2.0717131474103585
1998.0,202,3.1716124980373683,34.0,2.7091633466135456
2000.0,30,0.4710315591144607,7.0,0.5577689243027889
2001.0,39,0.6123410268487989,7.0,0.5577689243027889
2002.0,20,0.31402103940964043,7.0,0.5577689243027889
2003.0,306,4.804521902967498,49.0,3.904382470119522
2004.0,198,3.1088082901554404,40.0,3.187250996015936
2005.0,50,0.785052598524101,16.0,1.2749003984063745
2006.0,136,2.135343067985555,25.0,1.9920318725099602
2007.0,363,5.699481865284974,75.0,5.9760956175298805
2008.0,444,6.971267074894018,55.0,4.382470119521913
2009.0,377,5.9192965928717225,84.0,6.693227091633466
2010.0,449,7.049772334746428,83.0,6.613545816733067
2011.0,446,7.0026691788349815,90.0,7.171314741035857
2012.0,526,8.258753336473545,106.0,8.44621513944223
2013.0,437,6.8613597111006435,105.0,8.366533864541832
2014.0,291,4.569006123410269,72.0,5.7370517928286855
2015.0,364,5.715182917255456,87.0,6.932270916334661
2016.0,484,7.599309153713299,95.0,7.569721115537849
2017.0,481,7.5522059978018525,117.0,9.322709163346614
2018.0,133,2.088239912074109,8.0,0.6374501992031872
2019.0,56,0.8792589103469932,,
2020.0,29,0.4553305071439786,,
2021.0,46,0.722248390642173,,
2022.0,16,0.25121683152771235,,
2023.0,19,0.2983199874391584,,
